{
  "assetsByChunkName": {
    "component---src-pages-index-js": [
      "component---src-pages-index-js-5a7043187c5114e378b9.js",
      "component---src-pages-index-js-5a7043187c5114e378b9.js.map"
    ],
    "component---src-pages-start-js": [
      "component---src-pages-start-js-35a7e02ceec41c2c835c.js",
      "component---src-pages-start-js-35a7e02ceec41c2c835c.js.map"
    ],
    "path---replit-start": [
      "path---replit-start-a0e39f21c11f6a62c5ab.js",
      "path---replit-start-a0e39f21c11f6a62c5ab.js.map"
    ],
    "path---": [
      "path----557518bd178906f8d58a.js",
      "path----557518bd178906f8d58a.js.map"
    ],
    "component---src-pages-camp-js": [
      "component---src-pages-camp-js-14ebe046ca5cbca64c94.js",
      "component---src-pages-camp-js-14ebe046ca5cbca64c94.js.map"
    ],
    "path---meetings": [
      "path---meetings-a0e39f21c11f6a62c5ab.js",
      "path---meetings-a0e39f21c11f6a62c5ab.js.map"
    ],
    "component---src-pages-meetings-js": [
      "component---src-pages-meetings-js-154f8da8f6307076d623.js",
      "component---src-pages-meetings-js-154f8da8f6307076d623.js.map"
    ],
    "component---src-pages-dashboard-js": [
      "component---src-pages-dashboard-js-773cf0da2e0b2229edac.js",
      "component---src-pages-dashboard-js-773cf0da2e0b2229edac.js.map"
    ],
    "component---src-layouts-index-js": [
      "component---src-layouts-index-js-054a9001cb4deda24056.js",
      "component---src-layouts-index-js-054a9001cb4deda24056.js.map"
    ],
    "component---src-pages-team-js": [
      "component---src-pages-team-js-6ed5a184d36412381ce4.js",
      "component---src-pages-team-js-6ed5a184d36412381ce4.js.map"
    ],
    "path---camp": [
      "path---camp-a0e39f21c11f6a62c5ab.js",
      "path---camp-a0e39f21c11f6a62c5ab.js.map"
    ],
    "path---index": [
      "path---index-a0e39f21c11f6a62c5ab.js",
      "path---index-a0e39f21c11f6a62c5ab.js.map"
    ],
    "component---src-pages-admin-js": [
      "component---src-pages-admin-js-33ac4ab99125cfdb0bce.js",
      "component---src-pages-admin-js-33ac4ab99125cfdb0bce.js.map"
    ],
    "path---start": [
      "path---start-a0e39f21c11f6a62c5ab.js",
      "path---start-a0e39f21c11f6a62c5ab.js.map"
    ],
    "component---src-pages-404-js": [
      "component---src-pages-404-js-9fa18f69c26fe1fcb0ef.js",
      "component---src-pages-404-js-9fa18f69c26fe1fcb0ef.js.map"
    ],
    "commons": [
      "commons-d3b7e8406ccba4bc5daf.js",
      "commons-d3b7e8406ccba4bc5daf.js.map"
    ],
    "path---404-html": [
      "path---404-html-a0e39f21c11f6a62c5ab.js",
      "path---404-html-a0e39f21c11f6a62c5ab.js.map"
    ],
    "path---team": [
      "path---team-a0e39f21c11f6a62c5ab.js",
      "path---team-a0e39f21c11f6a62c5ab.js.map"
    ],
    "component---src-pages-replit-start-js": [
      "component---src-pages-replit-start-js-8d5b674e1df378ff431a.js",
      "component---src-pages-replit-start-js-8d5b674e1df378ff431a.js.map"
    ],
    "path---admin": [
      "path---admin-a0e39f21c11f6a62c5ab.js",
      "path---admin-a0e39f21c11f6a62c5ab.js.map"
    ],
    "path---dashboard": [
      "path---dashboard-a0e39f21c11f6a62c5ab.js",
      "path---dashboard-a0e39f21c11f6a62c5ab.js.map"
    ],
    "app": [
      "app-a344b21b5a0c62b1bac9.js",
      "app-a344b21b5a0c62b1bac9.js.map"
    ],
    "path---404": [
      "path---404-a0e39f21c11f6a62c5ab.js",
      "path---404-a0e39f21c11f6a62c5ab.js.map"
    ]
  }
}